min_ws,max_ws,rss
204800,1413120,434798592
208896,1413120,12238848
212992,1413120,14295040
217088,1413120,4255744
221184,1413120,5754880
225280,1413120,16687104
229376,1413120,7737344
233472,1413120,9039872
237568,1413120,3788800
241664,1413120,9007104
245760,1413120,4521984
249856,1413120,5267456
253952,1413120,14917632
258048,1413120,15323136
262144,1413120,8470528
266240,1413120,10817536
270336,1413120,11599872
274432,1413120,14950400
278528,1413120,13496320
282624,1413120,8011776
286720,1413120,14258176
290816,1413120,16412672
294912,1413120,6610944
299008,1413120,11976704
303104,1413120,7839744
307200,1413120,10817536
311296,1413120,9015296
315392,1413120,22220800
319488,1413120,7954432
323584,1413120,8409088
327680,1413120,8814592
331776,1413120,30498816
335872,1413120,14827520
339968,1413120,3903488
344064,1413120,12316672
348160,1413120,14532608
352256,1413120,6107136
356352,1413120,8921088
360448,1413120,5287936
364544,1413120,5103616
368640,1413120,3608576
372736,1413120,7589888
376832,1413120,6905856
380928,1413120,8802304
385024,1413120,8855552
389120,1413120,8519680
393216,1413120,6459392
397312,1413120,8142848
401408,1413120,15622144
405504,1413120,9207808
409600,1413120,10280960
413696,1413120,9379840
417792,1413120,5992448
421888,1413120,7110656
425984,1413120,8343552
430080,1413120,15515648
434176,1413120,9293824
438272,1413120,7000064
442368,1413120,10326016
446464,1413120,6684672
450560,1413120,2838528
454656,1413120,8925184
458752,1413120,8843264
462848,1413120,18739200
466944,1413120,11337728
471040,1413120,3420160
475136,1413120,4341760
479232,1413120,11333632
483328,1413120,10543104
487424,1413120,4055040
491520,1413120,6225920
495616,1413120,9621504
499712,1413120,13688832
503808,1413120,5611520
507904,1413120,13959168
512000,1413120,11243520
516096,1413120,5259264
520192,1413120,3792896
524288,1413120,4091904
528384,1413120,8765440
532480,1413120,20492288
536576,1413120,5861376
540672,1413120,7610368
544768,1413120,4923392
548864,1413120,13312000
552960,1413120,10178560
557056,1413120,22032384
561152,1413120,8966144
565248,1413120,13393920
569344,1413120,12853248
573440,1413120,6348800
577536,1413120,16162816
581632,1413120,6103040
585728,1413120,9822208
589824,1413120,17850368
593920,1413120,15482880
598016,1413120,8151040
602112,1413120,14823424
606208,1413120,7000064
610304,1413120,9977856
614400,1413120,11304960
618496,1413120,5808128
622592,1413120,12877824
626688,1413120,7856128
630784,1413120,4386816
634880,1413120,11608064
638976,1413120,9412608
643072,1413120,11190272
647168,1413120,10178560
651264,1413120,13594624
655360,1413120,16920576
659456,1413120,11550720
663552,1413120,6664192
667648,1413120,13746176
671744,1413120,12201984
675840,1413120,8445952
679936,1413120,11784192
684032,1413120,7094272
688128,1413120,3604480
692224,1413120,6057984
696320,1413120,15589376
700416,1413120,9076736
704512,1413120,8728576
708608,1413120,9220096
712704,1413120,5582848
716800,1413120,14721024
720896,1413120,11522048
724992,1413120,14671872
729088,1413120,11227136
733184,1413120,13570048
737280,1413120,14684160
741376,1413120,3186688
745472,1413120,10088448
749568,1413120,9986048
753664,1413120,5898240
757760,1413120,8962048
761856,1413120,6500352
765952,1413120,4608000
770048,1413120,7270400
774144,1413120,13094912
778240,1413120,6139904
782336,1413120,10743808
786432,1413120,5750784
790528,1413120,10211328
794624,1413120,11513856
798720,1413120,9609216
802816,1413120,21143552
806912,1413120,10997760
811008,1413120,11591680
815104,1413120,6234112
819200,1413120,8781824
823296,1413120,4091904
827392,1413120,9162752
831488,1413120,15351808
835584,1413120,8667136
839680,1413120,12238848
843776,1413120,27086848
847872,1413120,6225920
851968,1413120,16646144
856064,1413120,4919296
860160,1413120,11005952
864256,1413120,10747904
868352,1413120,9633792
872448,1413120,18538496
876544,1413120,7262208
880640,1413120,9080832
884736,1413120,11317248
888832,1413120,8880128
892928,1413120,16953344
897024,1413120,9789440
901120,1413120,4464640
905216,1413120,7880704
909312,1413120,5177344
913408,1413120,6467584
917504,1413120,10485760
921600,1413120,3493888
925696,1413120,13819904
929792,1413120,4161536
933888,1413120,3567616
937984,1413120,9515008
942080,1413120,13705216
946176,1413120,5238784
950272,1413120,11460608
954368,1413120,5865472
958464,1413120,14254080
962560,1413120,16752640
966656,1413120,12369920
970752,1413120,7946240
974848,1413120,10174464
978944,1413120,9572352
983040,1413120,10399744
987136,1413120,6246400
991232,1413120,13615104
995328,1413120,11841536
999424,1413120,4235264
1003520,1413120,19423232
1007616,1413120,6230016
1011712,1413120,5398528
1015808,1413120,9818112
1019904,1413120,20144128
1024000,1413120,9773056
1028096,1413120,23715840
1032192,1413120,5521408
1036288,1413120,13733888
1040384,1413120,8708096
1044480,1413120,9191424
1048576,1413120,23244800
1052672,1413120,10579968
1056768,1413120,6348800
1060864,1413120,8257536
1064960,1413120,12402688
1069056,1413120,8695808
1073152,1413120,8863744
1077248,1413120,5439488
1081344,1413120,17088512
1085440,1413120,16568320
1089536,1413120,7815168
1093632,1413120,7610368
1097728,1413120,12201984
1101824,1413120,18423808
1105920,1413120,13033472
1110016,1413120,15970304
1114112,1413120,8372224
1118208,1413120,17305600
1122304,1413120,8146944
1126400,1413120,15470592
1130496,1413120,11612160
1134592,1413120,7221248
1138688,1413120,14467072
1142784,1413120,17698816
1146880,1413120,6053888
1150976,1413120,10502144
1155072,1413120,6074368
1159168,1413120,3801088
1163264,1413120,10928128
1167360,1413120,10543104
1171456,1413120,11935744
1175552,1413120,12713984
1179648,1413120,17096704
1183744,1413120,5091328
1187840,1413120,8916992
1191936,1413120,4599808
1196032,1413120,17158144
1200128,1413120,11866112
1204224,1413120,9744384
1208320,1413120,15020032
1212416,1413120,30789632
1216512,1413120,10117120
1220608,1413120,10186752
1224704,1413120,13705216
1228800,1413120,6975488
1232896,1413120,11485184
1236992,1413120,12906496
1241088,1413120,10633216
1245184,1413120,5865472
1249280,1413120,11026432
1253376,1413120,10067968
1257472,1413120,13742080
1261568,1413120,5390336
1265664,1413120,7208960
1269760,1413120,5439488
1273856,1413120,17825792
1277952,1413120,12566528
1282048,1413120,14962688
1286144,1413120,5931008
1290240,1413120,13316096
1294336,1413120,9519104
1298432,1413120,14172160
1302528,1413120,7340032
1306624,1413120,4931584
1310720,1413120,23601152
1314816,1413120,4771840
1318912,1413120,19521536
1323008,1413120,26886144
1327104,1413120,5562368
1331200,1413120,16969728
1335296,1413120,6705152
1339392,1413120,5808128
1343488,1413120,5902336
1347584,1413120,10452992
1351680,1413120,10465280
1355776,1413120,7147520
1359872,1413120,15568896
1363968,1413120,13541376
1368064,1413120,7213056
1372160,1413120,8638464
1376256,1413120,23453696
1380352,1417216,9711616
1384448,1421312,10493952
1388544,1425408,8138752
1392640,1429504,12517376
1396736,1433600,12341248
1400832,1437696,8830976
1404928,1441792,22872064
1409024,1445888,20467712
1413120,1449984,18153472
1417216,1454080,7159808
1421312,1458176,10358784
1425408,1462272,9170944
1429504,1466368,11608064
1433600,1470464,15007744
1437696,1474560,6082560
1441792,1478656,5603328
1445888,1482752,12177408
1449984,1486848,5046272
1454080,1490944,24154112
1458176,1495040,15736832
1462272,1499136,9981952
1466368,1503232,9379840
1470464,1507328,15867904
1474560,1511424,6922240
1478656,1515520,10584064
1482752,1519616,13197312
1486848,1523712,20303872
1490944,1527808,11198464
1495040,1531904,13119488
1499136,1536000,10629120
1503232,1540096,13570048
1507328,1544192,9183232
1511424,1548288,7905280
1515520,1552384,10022912
1519616,1556480,13578240
1523712,1560576,9973760
1527808,1564672,13975552
1531904,1568768,5820416
1536000,1572864,6234112
1540096,1576960,10076160
1544192,1581056,3624960
1548288,1585152,11448320
1552384,1589248,8212480
1556480,1593344,12066816
1560576,1597440,7491584
1564672,1601536,9687040
1568768,1605632,9998336
1572864,1609728,7438336
1576960,1613824,6443008
1581056,1617920,6770688
1585152,1622016,9691136
1589248,1626112,33738752
1593344,1630208,9543680
1597440,1634304,7270400
1601536,1638400,7254016
1605632,1642496,11702272
1609728,1646592,21819392
1613824,1650688,4440064
1617920,1654784,19709952
1622016,1658880,20836352
1626112,1662976,5337088
1630208,1667072,14688256
1634304,1671168,10981376
1638400,1675264,8589312
1642496,1679360,6995968
1646592,1683456,15069184
1650688,1687552,14061568
1654784,1691648,11935744
1658880,1695744,7671808
1662976,1699840,10563584
1667072,1703936,4612096
1671168,1708032,17604608
1675264,1712128,12259328
1679360,1716224,7274496
1683456,1720320,17989632
1687552,1724416,10379264
1691648,1728512,10178560
1695744,1732608,10129408
1699840,1736704,12083200
1703936,1740800,11530240
1708032,1744896,14364672
1712128,1748992,13107200
1716224,1753088,5443584
1720320,1757184,9785344
1724416,1761280,12197888
1728512,1765376,9879552
1732608,1769472,11632640
1736704,1773568,9977856
1740800,1777664,9195520
1744896,1781760,14630912
1748992,1785856,20824064
1753088,1789952,13135872
1757184,1794048,7180288
1761280,1798144,11161600
1765376,1802240,11911168
1769472,1806336,8208384
1773568,1810432,15360000
1777664,1814528,8908800
1781760,1818624,8204288
1785856,1822720,16121856
1789952,1826816,13840384
1794048,1830912,19329024
1798144,1835008,23687168
1802240,1839104,13598720
1806336,1843200,12980224
1810432,1847296,10686464
1814528,1851392,7884800
1818624,1855488,11714560
1822720,1859584,8835072
1826816,1863680,14041088
1830912,1867776,7999488
1835008,1871872,9580544
1839104,1875968,19574784
1843200,1880064,4849664
1847296,1884160,6987776
1851392,1888256,9400320
1855488,1892352,11862016
1859584,1896448,16252928
1863680,1900544,9523200
1867776,1904640,29913088
1871872,1908736,8683520
1875968,1912832,12275712
1880064,1916928,15515648
1884160,1921024,20762624
1888256,1925120,5742592
1892352,1929216,20013056
1896448,1933312,4825088
1900544,1937408,12144640
1904640,1941504,9662464
1908736,1945600,9650176
1912832,1949696,11218944
1916928,1953792,10170368
1921024,1957888,7397376
1925120,1961984,13959168
1929216,1966080,6225920
1933312,1970176,5861376
1937408,1974272,8331264
1941504,1978368,8069120
1945600,1982464,8896512
1949696,1986560,10448896
1953792,1990656,17883136
1957888,1994752,6762496
1961984,1998848,15712256
1966080,2002944,6889472
1970176,2007040,11452416
1974272,2011136,28061696
1978368,2015232,7618560
1982464,2019328,11628544
1986560,2023424,11911168
1990656,2027520,15323136
1994752,2031616,7188480
1998848,2035712,16465920
2002944,2039808,14467072
2007040,2043904,15351808
2011136,2048000,14049280
2015232,2052096,17182720
2019328,2056192,18931712
2023424,2060288,13922304
2027520,2064384,11522048
2031616,2068480,21479424
2035712,2072576,5685248
2039808,2076672,7847936
2043904,2080768,10084352
2048000,2084864,10977280
2052096,2088960,11956224
2056192,2093056,8409088
2060288,2097152,14200832
2064384,2101248,20967424
2068480,2105344,15691776
2072576,2109440,7286784
2076672,2113536,10366976
2080768,2117632,27095040
2084864,2121728,6991872
2088960,2125824,12066816
2093056,2129920,11689984
2097152,2134016,7860224
2101248,2138112,5996544
2105344,2142208,13873152
2109440,2146304,8343552
2113536,2150400,14168064
2117632,2154496,8654848
2121728,2158592,15572992
2125824,2162688,9658368
2129920,2166784,7913472
2134016,2170880,13611008
2138112,2174976,10731520
2142208,2179072,7843840
2146304,2183168,8613888
2150400,2187264,11505664
2154496,2191360,12845056
2158592,2195456,12464128
2162688,2199552,19902464
2166784,2203648,16900096
2170880,2207744,8204288
2174976,2211840,10412032
2179072,2215936,12312576
2183168,2220032,16658432
2187264,2224128,6602752
2191360,2228224,14499840
2195456,2232320,20385792
2199552,2236416,16523264
2203648,2240512,10194944
2207744,2244608,15437824
2211840,2248704,4530176
2215936,2252800,14442496
2220032,2256896,9879552
2224128,2260992,14127104
2228224,2265088,14868480
2232320,2269184,16936960
2236416,2273280,7598080
2240512,2277376,10743808
2244608,2281472,13312000
2248704,2285568,7606272
2252800,2289664,9465856
2256896,2293760,6537216
2260992,2297856,7917568
2265088,2301952,17596416
2269184,2306048,34406400
2273280,2310144,10674176
2277376,2314240,8404992
2281472,2318336,13803520
2285568,2322432,10256384
2289664,2326528,11931648
2293760,2330624,26374144
2297856,2334720,13774848
2301952,2338816,11403264
2306048,2342912,8024064
2310144,2347008,22482944
2314240,2351104,6447104
2318336,2355200,14114816
2322432,2359296,12660736
2326528,2363392,12316672
2330624,2367488,11227136
2334720,2371584,10457088
2338816,2375680,6979584
2342912,2379776,4329472
2347008,2383872,10473472
2351104,2387968,13799424
2355200,2392064,10276864
2359296,2396160,17604608
2363392,2400256,12337152
2367488,2404352,14073856
2371584,2408448,16633856
2375680,2412544,7725056
2379776,2416640,13889536
2383872,2420736,8445952
2387968,2424832,13979648
2392064,2428928,18448384
2396160,2433024,16027648
2400256,2437120,12013568
2404352,2441216,19087360
2408448,2445312,15540224
2412544,2449408,15368192
2416640,2453504,15966208
2420736,2457600,10092544
2424832,2461696,9895936
2428928,2465792,10612736
2433024,2469888,9469952
2437120,2473984,10821632
2441216,2478080,6463488
2445312,2482176,11546624
2449408,2486272,8683520
2453504,2490368,9125888
2457600,2494464,5595136
2461696,2498560,10883072
2465792,2502656,12107776
2469888,2506752,17072128
2473984,2510848,11853824
2478080,2514944,11735040
2482176,2519040,7229440
2486272,2523136,10596352
2490368,2527232,16343040
2494464,2531328,9306112
2498560,2535424,27262976
2502656,2539520,11005952
2506752,2543616,13996032
2510848,2547712,15097856
2514944,2551808,10088448
2519040,2555904,14663680
2523136,2560000,24657920
2527232,2564096,11841536
2531328,2568192,8773632
2535424,2572288,7032832
2539520,2576384,21598208
2543616,2580480,22601728
2547712,2584576,8531968
2551808,2588672,10735616
2555904,2592768,10661888
2560000,2596864,13066240
2564096,2600960,9228288
2568192,2605056,12615680
2572288,2609152,7331840
2576384,2613248,8273920
2580480,2617344,15077376
2584576,2621440,5242880
2588672,2625536,7909376
2592768,2629632,7671808
2596864,2633728,20692992
2600960,2637824,10805248
2605056,2641920,7233536
2609152,2646016,13295616
2613248,2650112,14270464
2617344,2654208,16588800
2621440,2658304,13955072
2625536,2662400,6660096
2629632,2666496,9609216
2633728,2670592,19824640
2637824,2674688,10792960
2641920,2678784,5828608
2646016,2682880,15429632
2650112,2686976,21585920
2654208,2691072,6770688
2658304,2695168,9764864
2662400,2699264,6979584
2666496,2703360,29130752
2670592,2707456,11714560
2674688,2711552,12193792
2678784,2715648,10264576
2682880,2719744,11051008
2686976,2723840,13615104
2691072,2727936,16138240
2695168,2732032,12345344
2699264,2736128,11042816
2703360,2740224,9539584
2707456,2744320,20635648
2711552,2748416,4943872
2715648,2752512,18579456
2719744,2756608,16658432
2723840,2760704,9342976
2727936,2764800,8736768
2732032,2768896,14958592
2736128,2772992,22888448
2740224,2777088,7831552
2744320,2781184,6291456
2748416,2785280,24252416
2752512,2789376,12808192
2756608,2793472,11804672
2760704,2797568,32342016
2764800,2801664,21331968
2768896,2805760,16519168
2772992,2809856,11919360
2777088,2813952,14921728
2781184,2818048,15360000
2785280,2822144,7696384
2789376,2826240,11952128
2793472,2830336,10215424
2797568,2834432,15654912
2801664,2838528,12505088
2805760,2842624,20688896
2809856,2846720,12210176
2813952,2850816,9175040
2818048,2854912,17031168
2822144,2859008,15138816
2826240,2863104,16711680
2830336,2867200,6713344
2834432,2871296,12681216
2838528,2875392,8417280
2842624,2879488,10444800
2846720,2883584,16719872
2850816,2887680,9437184
2854912,2891776,10870784
2859008,2895872,8257536
2863104,2899968,19030016
2867200,2904064,11280384
2871296,2908160,16752640
2875392,2912256,7868416
2879488,2916352,20393984
2883584,2920448,11190272
2887680,2924544,16211968
2891776,2928640,17592320
2895872,2932736,16609280
2899968,2936832,10547200
2904064,2940928,6529024
2908160,2945024,8343552
2912256,2949120,21274624
2916352,2953216,10768384
2920448,2957312,11485184
2924544,2961408,13037568
2928640,2965504,15290368
2932736,2969600,20762624
2936832,2973696,15704064
2940928,2977792,24080384
2945024,2981888,13766656
2949120,2985984,22831104
2953216,2990080,20549632
2957312,2994176,12689408
2961408,2998272,17952768
2965504,3002368,11456512
2969600,3006464,14118912
2973696,3010560,18780160
2977792,3014656,12185600
2981888,3018752,8806400
2985984,3022848,12349440
2990080,3026944,13029376
2994176,3031040,22282240
2998272,3035136,11268096
3002368,3039232,13119488
3006464,3043328,11747328
3010560,3047424,10874880
3014656,3051520,10047488
3018752,3055616,10002432
3022848,3059712,22380544
3026944,3063808,11362304
3031040,3067904,10670080
3035136,3072000,7413760
3039232,3076096,14643200
3043328,3080192,10477568
3047424,3084288,10158080
3051520,3088384,9048064
3055616,3092480,9355264
3059712,3096576,12718080
3063808,3100672,8339456
3067904,3104768,16134144
3072000,3108864,10493952
3076096,3112960,13578240
3080192,3117056,8093696
3084288,3121152,13635584
3088384,3125248,12857344
3092480,3129344,12263424
3096576,3133440,10055680
3100672,3137536,16912384
3104768,3141632,12079104
3108864,3145728,8716288
3112960,3149824,11214848
3117056,3153920,16027648
3121152,3158016,7626752
3125248,3162112,10858496
3129344,3166208,8839168
3133440,3170304,8441856
3137536,3174400,12980224
3141632,3178496,7491584
3145728,3182592,7401472
3149824,3186688,9756672
3153920,3190784,17883136
3158016,3194880,6553600
3162112,3198976,7421952
3166208,3203072,11350016
3170304,3207168,12046336
3174400,3211264,9596928
3178496,3215360,23056384
3182592,3219456,13459456
3186688,3223552,16551936
3190784,3227648,12898304
3194880,3231744,9535488
3198976,3235840,9641984
3203072,3239936,14647296
3207168,3244032,22130688
3211264,3248128,8409088
3215360,3252224,20893696
3219456,3256320,6352896
3223552,3260416,13045760
3227648,3264512,14426112
3231744,3268608,14811136
3235840,3272704,12926976
3239936,3276800,9527296
3244032,3280896,16351232
3248128,3284992,13549568
3252224,3289088,12255232
3256320,3293184,19488768
3260416,3297280,18333696
3264512,3301376,13328384
3268608,3305472,12521472
3272704,3309568,9981952
3276800,3313664,9338880
3280896,3317760,15781888
3284992,3321856,32350208
3289088,3325952,9392128
3293184,3330048,9039872
3297280,3334144,22794240
3301376,3338240,19914752
3305472,3342336,10420224
3309568,3346432,18124800
3313664,3350528,8679424
3317760,3354624,13148160
3321856,3358720,10350592
3325952,3362816,7110656
3330048,3366912,22487040
3334144,3371008,23470080
3338240,3375104,21430272
3342336,3379200,11481088
3346432,3383296,13238272
3350528,3387392,23646208
3354624,3391488,15601664
3358720,3395584,37494784
3362816,3399680,8212480
3366912,3403776,10022912
3371008,3407872,17399808
3375104,3411968,13647872
3379200,3416064,14430208
3383296,3420160,14983168
3387392,3424256,9244672
3391488,3428352,12165120
3395584,3432448,6922240
3399680,3436544,10997760
3403776,3440640,19271680
3407872,3444736,17141760
3411968,3448832,9818112
3416064,3452928,7864320
3420160,3457024,9236480
3424256,3461120,15695872
3428352,3465216,15015936
3432448,3469312,17764352
3436544,3473408,14262272
3440640,3477504,17297408
3444736,3481600,17293312
3448832,3485696,8773632
3452928,3489792,12795904
3457024,3493888,17903616
3461120,3497984,8454144
3465216,3502080,14893056
3469312,3506176,16445440
3473408,3510272,8441856
3477504,3514368,12582912
3481600,3518464,11157504
3485696,3522560,16670720
3489792,3526656,6807552
3493888,3530752,13963264
3497984,3534848,26464256
3502080,3538944,13168640
3506176,3543040,18423808
3510272,3547136,14905344
3514368,3551232,12345344
3518464,3555328,17846272
3522560,3559424,11866112
3526656,3563520,9805824
3530752,3567616,10059776
3534848,3571712,9592832
3538944,3575808,18046976
3543040,3579904,14094336
3547136,3584000,16179200
3551232,3588096,16191488
3555328,3592192,20627456
3559424,3596288,11096064
3563520,3600384,9768960
3567616,3604480,9183232
3571712,3608576,10588160
3575808,3612672,11718656
3579904,3616768,10432512
3584000,3620864,20815872
3588096,3624960,11231232
3592192,3629056,16551936
3596288,3633152,7323648
3600384,3637248,15233024
3604480,3641344,16769024
3608576,3645440,13905920
3612672,3649536,8007680
3616768,3653632,15593472
3620864,3657728,12029952
3624960,3661824,9986048
3629056,3665920,11698176
3633152,3670016,18362368
3637248,3674112,14446592
3641344,3678208,10186752
3645440,3682304,10420224
3649536,3686400,10584064
3653632,3690496,15257600
3657728,3694592,10686464
3661824,3698688,11767808
3665920,3702784,12640256
3670016,3706880,16306176
3674112,3710976,16818176
3678208,3715072,20140032
3682304,3719168,13221888
3686400,3723264,11100160
3690496,3727360,15413248
3694592,3731456,14802944
3698688,3735552,9502720
3702784,3739648,12513280
3706880,3743744,13213696
3710976,3747840,14188544
3715072,3751936,7843840
3719168,3756032,10784768
3723264,3760128,19632128
3727360,3764224,13529088
3731456,3768320,8540160
3735552,3772416,10989568
3739648,3776512,9596928
3743744,3780608,15245312
3747840,3784704,20733952
3751936,3788800,15593472
3756032,3792896,10387456
3760128,3796992,12115968
3764224,3801088,20504576
3768320,3805184,11898880
3772416,3809280,7475200
3776512,3813376,11788288
3780608,3817472,13508608
3784704,3821568,20602880
3788800,3825664,11460608
3792896,3829760,10326016
3796992,3833856,12496896
3801088,3837952,11771904
3805184,3842048,8343552
3809280,3846144,11890688
3813376,3850240,18599936
3817472,3854336,14606336
3821568,3858432,9269248
3825664,3862528,14581760
3829760,3866624,25747456
3833856,3870720,13758464
3837952,3874816,21340160
3842048,3878912,10862592
3846144,3883008,13783040
3850240,3887104,18477056
3854336,3891200,18853888
3858432,3895296,9445376
3862528,3899392,11128832
3866624,3903488,7798784
3870720,3907584,14540800
3874816,3911680,21028864
3878912,3915776,12034048
3883008,3919872,8757248
3887104,3923968,19922944
3891200,3928064,14577664
3895296,3932160,17551360
3899392,3936256,18771968
3903488,3940352,16326656
3907584,3944448,18571264
3911680,3948544,14405632
3915776,3952640,18182144
3919872,3956736,12505088
3923968,3960832,14528512
3928064,3964928,18046976
3932160,3969024,11599872
3936256,3973120,22540288
3940352,3977216,11399168
3944448,3981312,17678336
3948544,3985408,12869632
3952640,3989504,14999552
3956736,3993600,9175040
3960832,3997696,24879104
3964928,4001792,14942208
3969024,4005888,7462912
3973120,4009984,16351232
3977216,4014080,11878400
3981312,4018176,9789440
3985408,4022272,21704704
3989504,4026368,16416768
3993600,4030464,9703424
3997696,4034560,15659008
4001792,4038656,16723968
4005888,4042752,8765440
4009984,4046848,9035776
4014080,4050944,8843264
4018176,4055040,16457728
4022272,4059136,9084928
4026368,4063232,12943360
4030464,4067328,9314304
4034560,4071424,11722752
4038656,4075520,17096704
4042752,4079616,10678272
4046848,4083712,10801152
4050944,4087808,11640832
4055040,4091904,16203776
4059136,4096000,12402688
4063232,4100096,13209600
4067328,4104192,21254144
4071424,4108288,22396928
4075520,4112384,14221312
4079616,4116480,11563008
4083712,4120576,17436672
4087808,4124672,7569408
4091904,4128768,20164608
4096000,4132864,15745024
4100096,4136960,12177408
4104192,4141056,16699392
4108288,4145152,24576000
4112384,4149248,22437888
4116480,4153344,20549632
4120576,4157440,20795392
4124672,4161536,12148736
4128768,4165632,7954432
4132864,4169728,19673088
4136960,4173824,16969728
4141056,4177920,12537856
4145152,4182016,12357632
4149248,4186112,11513856
4153344,4190208,28250112
4157440,4194304,7839744
4161536,4198400,22593536
4165632,4202496,8019968
4169728,4206592,12005376
4173824,4210688,13844480
4177920,4214784,7512064
4182016,4218880,15212544
4186112,4222976,19783680
4190208,4227072,13410304
4194304,4231168,11051008
4198400,4235264,7892992
4202496,4239360,9236480
4206592,4243456,22405120
4210688,4247552,20303872
4214784,4251648,16773120
4218880,4255744,13381632
4222976,4259840,21647360
4227072,4263936,28839936
4231168,4268032,7868416
4235264,4272128,11726848
4239360,4276224,13385728
4243456,4280320,16945152
4247552,4284416,21082112
4251648,4288512,17244160
4255744,4292608,7774208
4259840,4296704,9084928
4263936,4300800,8450048
4268032,4304896,9736192
4272128,4308992,7446528
4276224,4313088,12521472
4280320,4317184,20676608
4284416,4321280,16216064
4288512,4325376,9551872
4292608,4329472,18927616
4296704,4333568,13062144
4300800,4337664,10502144
4304896,4341760,20832256
4308992,4345856,8986624
4313088,4349952,11407360
4317184,4354048,11730944
4321280,4358144,21397504
4325376,4362240,13512704
4329472,4366336,15253504
4333568,4370432,20398080
4337664,4374528,9191424
4341760,4378624,7614464
4345856,4382720,12664832
4349952,4386816,13545472
4354048,4390912,8654848
4358144,4395008,13201408
4362240,4399104,11223040
4366336,4403200,14704640
4370432,4407296,11141120
4374528,4411392,20189184
4378624,4415488,10321920
4382720,4419584,11612160
4386816,4423680,18722816
4390912,4427776,9764864
4395008,4431872,18759680
4399104,4435968,12025856
4403200,4440064,16523264
4407296,4444160,13836288
4411392,4448256,15335424
4415488,4452352,14942208
4419584,4456448,11788288
4423680,4460544,14270464
4427776,4464640,14258176
4431872,4468736,13139968
4435968,4472832,11177984
4440064,4476928,10063872
4444160,4481024,21069824
4448256,4485120,22503424
4452352,4489216,12652544
4456448,4493312,15351808
4460544,4497408,24895488
4464640,4501504,8826880
4468736,4505600,11436032
4472832,4509696,20357120
4476928,4513792,14163968
4481024,4517888,11571200
4485120,4521984,16773120
4489216,4526080,11493376
4493312,4530176,15798272
4497408,4534272,12034048
4501504,4538368,8282112
4505600,4542464,11857920
4509696,4546560,11231232
4513792,4550656,10510336
4517888,4554752,9478144
4521984,4558848,16523264
4526080,4562944,19451904
4530176,4567040,20721664
4534272,4571136,24494080
4538368,4575232,9945088
4542464,4579328,21495808
4546560,4583424,23126016
4550656,4587520,25837568
4554752,4591616,10887168
4558848,4595712,15724544
4562944,4599808,15290368
4567040,4603904,28950528
4571136,4608000,14331904
4575232,4612096,13635584
4579328,4616192,17432576
4583424,4620288,35479552
4587520,4624384,9678848
4591616,4628480,9236480
4595712,4632576,10452992
4599808,4636672,14032896
4603904,4640768,10297344
4608000,4644864,13385728
4612096,4648960,17182720
4616192,4653056,12251136
4620288,4657152,13623296
4624384,4661248,13115392
4628480,4665344,23949312
4632576,4669440,16039936
4636672,4673536,8994816
4640768,4677632,22687744
4644864,4681728,17457152
4648960,4685824,11911168
4653056,4689920,12087296
4657152,4694016,10207232
4661248,4698112,13033472
4665344,4702208,12627968
4669440,4706304,9179136
4673536,4710400,10686464
4677632,4714496,9326592
4681728,4718592,18067456
4685824,4722688,7446528
4689920,4726784,15589376
4694016,4730880,17321984
4698112,4734976,16433152
4702208,4739072,30797824
4706304,4743168,13094912
4710400,4747264,33939456
4714496,4751360,10842112
4718592,4755456,11841536
4722688,4759552,13082624
4726784,4763648,13901824
4730880,4767744,13443072
4734976,4771840,12709888
4739072,4775936,13254656
4743168,4780032,24911872
4747264,4784128,9654272
4751360,4788224,10604544
4755456,4792320,10981376
4759552,4796416,17108992
4763648,4800512,18944000
4767744,4804608,21397504
4771840,4808704,19542016
4775936,4812800,18022400
4780032,4816896,10428416
4784128,4820992,13262848
4788224,4825088,23494656
4792320,4829184,15560704
4796416,4833280,23494656
4800512,4837376,16592896
4804608,4841472,11235328
4808704,4845568,22024192
4812800,4849664,19038208
4816896,4853760,10108928
4820992,4857856,19480576
4825088,4861952,24940544
4829184,4866048,16928768
4833280,4870144,11333632
4837376,4874240,11395072
4841472,4878336,8192000
4845568,4882432,18866176
4849664,4886528,14524416
4853760,4890624,13815808
4857856,4894720,17354752
4861952,4898816,21487616
4866048,4902912,24588288
4870144,4907008,17108992
4874240,4911104,10510336
4878336,4915200,9187328
4882432,4919296,13176832
4886528,4923392,11321344
4890624,4927488,10702848
4894720,4931584,14172160
4898816,4935680,19095552
4902912,4939776,16609280
4907008,4943872,13406208
4911104,4947968,12595200
4915200,4952064,12873728
4919296,4956160,22286336
4923392,4960256,11595776
4927488,4964352,9801728
4931584,4968448,12107776
4935680,4972544,12595200
4939776,4976640,12554240
4943872,4980736,16883712
4947968,4984832,19226624
4952064,4988928,21524480
4956160,4993024,12603392
4960256,4997120,15392768
4964352,5001216,11571200
4968448,5005312,12951552
4972544,5009408,11104256
4976640,5013504,29495296
4980736,5017600,13180928
4984832,5021696,20160512
4988928,5025792,21880832
4993024,5029888,11296768
4997120,5033984,17231872
5001216,5038080,15278080
5005312,5042176,16945152
5009408,5046272,10616832
5013504,5050368,15966208
5017600,5054464,11227136
5021696,5058560,18710528
5025792,5062656,16490496
5029888,5066752,11919360
5033984,5070848,23154688
5038080,5074944,22396928
5042176,5079040,12627968
5046272,5083136,10633216
5050368,5087232,21237760
5054464,5091328,10452992
5058560,5095424,14888960
5062656,5099520,12521472
5066752,5103616,24997888
5070848,5107712,11812864
5074944,5111808,9273344
5079040,5115904,11907072
5083136,5120000,15396864
5087232,5124096,21598208
5091328,5128192,11829248
5095424,5132288,17543168
5099520,5136384,17641472
5103616,5140480,10547200
5107712,5144576,11587584
5111808,5148672,10137600
5115904,5152768,15941632
5120000,5156864,16289792
5124096,5160960,11190272
5128192,5165056,14368768
5132288,5169152,32370688
5136384,5173248,25112576
5140480,5177344,11853824
5144576,5181440,10362880
5148672,5185536,12886016
5152768,5189632,19767296
5156864,5193728,14774272
5160960,5197824,11915264
5165056,5201920,9191424
5169152,5206016,9412608
5173248,5210112,17960960
5177344,5214208,14069760
5181440,5218304,14053376
5185536,5222400,18362368
5189632,5226496,11935744
5193728,5230592,10043392
5197824,5234688,21315584
5201920,5238784,25698304
5206016,5242880,12697600
5210112,5246976,13492224
5214208,5251072,33533952
5218304,5255168,13856768
5222400,5259264,12992512
5226496,5263360,9191424
5230592,5267456,9388032
5234688,5271552,12042240
5238784,5275648,11169792
5242880,5279744,32833536
5246976,5283840,15196160
5251072,5287936,13168640
5255168,5292032,11001856
5259264,5296128,15601664
5263360,5300224,14274560
5267456,5304320,11632640
5271552,5308416,26034176
5275648,5312512,16941056
5279744,5316608,17059840
5283840,5320704,20426752
5287936,5324800,15335424
5292032,5328896,25358336
5296128,5332992,19251200
5300224,5337088,10047488
5304320,5341184,20201472
5308416,5345280,19521536
5312512,5349376,14934016
5316608,5353472,12587008
5320704,5357568,12652544
5324800,5361664,9441280
5328896,5365760,11952128
5332992,5369856,13864960
5337088,5373952,23162880
5341184,5378048,15085568
5345280,5382144,15646720
5349376,5386240,23711744
5353472,5390336,13701120
5357568,5394432,28864512
5361664,5398528,12541952
5365760,5402624,14331904
5369856,5406720,16453632
5373952,5410816,16642048
5378048,5414912,9453568
5382144,5419008,12771328
5386240,5423104,12996608
5390336,5427200,19177472
5394432,5431296,24625152
5398528,5435392,14848000
5402624,5439488,14798848
5406720,5443584,12185600
5410816,5447680,14483456
5414912,5451776,14671872
5419008,5455872,17088512
5423104,5459968,14159872
5427200,5464064,11030528
5431296,5468160,18657280
5435392,5472256,12591104
5439488,5476352,15179776
5443584,5480448,13266944
5447680,5484544,26771456
5451776,5488640,17666048
5455872,5492736,20905984
5459968,5496832,17620992
5464064,5500928,11104256
5468160,5505024,11710464
5472256,5509120,23482368
5476352,5513216,17018880
5480448,5517312,9142272
5484544,5521408,14483456
5488640,5525504,10579968
5492736,5529600,11018240
5496832,5533696,9187328
5500928,5537792,14622720
5505024,5541888,30146560
5509120,5545984,16748544
5513216,5550080,12226560
5517312,5554176,10833920
5521408,5558272,30986240
5525504,5562368,17969152
5529600,5566464,11112448
5533696,5570560,15990784
5537792,5574656,18632704
5541888,5578752,18264064
5545984,5582848,13733888
5550080,5586944,29483008
5554176,5591040,13934592
5558272,5595136,12972032
5562368,5599232,15695872
5566464,5603328,25088000
5570560,5607424,11010048
5574656,5611520,14503936
5578752,5615616,12611584
5582848,5619712,15089664
5586944,5623808,17469440
5591040,5627904,12468224
5595136,5632000,14950400
5599232,5636096,13328384
5603328,5640192,15167488
5607424,5644288,12558336
5611520,5648384,12402688
5615616,5652480,13672448
5619712,5656576,16236544
5623808,5660672,14999552
5627904,5664768,20410368
5632000,5668864,9523200
5636096,5672960,16654336
5640192,5677056,15007744
5644288,5681152,32583680
5648384,5685248,25292800
5652480,5689344,16142336
5656576,5693440,22745088
5660672,5697536,33722368
5664768,5701632,13643776
5668864,5705728,14823424
5672960,5709824,11739136
5677056,5713920,11857920
5681152,5718016,15454208
5685248,5722112,9478144
5689344,5726208,13901824
5693440,5730304,22204416
5697536,5734400,14012416
5701632,5738496,20340736
5705728,5742592,15953920
5709824,5746688,15413248
5713920,5750784,17186816
5718016,5754880,13221888
5722112,5758976,11247616
5726208,5763072,15609856
5730304,5767168,13737984
5734400,5771264,17408000
5738496,5775360,22327296
5742592,5779456,12890112
5746688,5783552,13942784
5750784,5787648,15077376
5754880,5791744,13873152
5758976,5795840,10563584
5763072,5799936,19357696
5767168,5804032,10301440
5771264,5808128,14606336
5775360,5812224,23019520
5779456,5816320,10805248
5783552,5820416,13869056
5787648,5824512,14094336
5791744,5828608,16355328
5795840,5832704,18477056
5799936,5836800,17399808
5804032,5840896,30343168
5808128,5844992,16740352
5812224,5849088,17747968
5816320,5853184,10444800
5820416,5857280,18247680
5824512,5861376,14999552
5828608,5865472,16846848
5832704,5869568,11091968
5836800,5873664,19070976
5840896,5877760,21037056
5844992,5881856,12500992
5849088,5885952,8003584
5853184,5890048,15446016
5857280,5894144,19562496
5861376,5898240,13574144
5865472,5902336,13144064
5869568,5906432,16637952
5873664,5910528,19230720
5877760,5914624,16429056
5881856,5918720,17608704
5885952,5922816,10600448
5890048,5926912,17129472
5894144,5931008,15327232
5898240,5935104,10215424
5902336,5939200,11022336
5906432,5943296,17563648
5910528,5947392,33304576
5914624,5951488,14508032
5918720,5955584,14622720
5922816,5959680,19722240
5926912,5963776,15867904
5931008,5967872,19509248
5935104,5971968,14282752
5939200,5976064,9453568
5943296,5980160,13545472
5947392,5984256,15790080
5951488,5988352,13578240
5955584,5992448,23314432
5959680,5996544,10055680
5963776,6000640,10235904
5967872,6004736,13680640
5971968,6008832,26181632
5976064,6012928,13516800
5980160,6017024,10457088
5984256,6021120,10137600
5988352,6025216,11911168
5992448,6029312,16289792
5996544,6033408,15777792
6000640,6037504,9658368
6004736,6041600,12775424
6008832,6045696,18092032
6012928,6049792,21409792
6017024,6053888,11055104
6021120,6057984,25202688
6025216,6062080,27934720
6029312,6066176,23846912
6033408,6070272,19718144
6037504,6074368,12636160
6041600,6078464,22929408
6045696,6082560,18407424
6049792,6086656,23928832
6053888,6090752,15884288
6057984,6094848,9441280
6062080,6098944,16830464
6066176,6103040,14970880
6070272,6107136,12414976
6074368,6111232,11395072
6078464,6115328,12779520
6082560,6119424,14381056
6086656,6123520,11358208
6090752,6127616,12402688
6094848,6131712,10842112
6098944,6135808,19058688
6103040,6139904,9883648
6107136,6144000,18644992
6111232,6148096,25604096
6115328,6152192,17850368
6119424,6156288,22851584
6123520,6160384,13037568
6127616,6164480,15810560
6131712,6168576,20815872
6135808,6172672,26144768
6139904,6176768,19894272
6144000,6180864,12791808
6148096,6184960,16261120
6152192,6189056,12668928
6156288,6193152,13037568
6160384,6197248,15376384
6164480,6201344,15278080
6168576,6205440,19632128
6172672,6209536,15929344
6176768,6213632,14032896
6180864,6217728,22028288
6184960,6221824,12247040
6189056,6225920,23830528
6193152,6230016,11952128
6197248,6234112,27701248
6201344,6238208,21643264
6205440,6242304,17203200
6209536,6246400,23244800
6213632,6250496,21053440
6217728,6254592,21762048
6221824,6258688,18161664
6225920,6262784,16539648
6230016,6266880,13209600
6234112,6270976,15417344
6238208,6275072,12103680
6242304,6279168,13824000
6246400,6283264,15536128
6250496,6287360,18186240
6254592,6291456,12488704
6258688,6295552,17776640
6262784,6299648,13574144
6266880,6303744,12529664
6270976,6307840,10604544
6275072,6311936,18497536
6279168,6316032,11575296
6283264,6320128,14458880
6287360,6324224,20652032
6291456,6328320,22405120
6295552,6332416,19726336
6299648,6336512,21196800
6303744,6340608,18640896
6307840,6344704,21532672
6311936,6348800,24547328
6316032,6352896,10473472
6320128,6356992,24301568
6324224,6361088,14635008
6328320,6365184,14991360
6332416,6369280,21291008
6336512,6373376,16900096
6340608,6377472,16916480
6344704,6381568,18493440
6348800,6385664,16138240
6352896,6389760,20410368
6356992,6393856,14180352
6361088,6397952,18149376
6365184,6402048,16150528
6369280,6406144,17207296
6373376,6410240,15515648
6377472,6414336,11915264
6381568,6418432,20951040
6385664,6422528,16125952
6389760,6426624,21950464
6393856,6430720,14073856
6397952,6434816,17285120
6402048,6438912,19468288
6406144,6443008,18972672
6410240,6447104,22241280
6414336,6451200,10051584
6418432,6455296,17321984
6422528,6459392,17133568
6426624,6463488,22110208
6430720,6467584,21983232
6434816,6471680,10854400
6438912,6475776,14680064
6443008,6479872,11841536
6447104,6483968,14123008
6451200,6488064,27181056
6455296,6492160,20434944
6459392,6496256,13295616
6463488,6500352,28598272
6467584,6504448,9666560
6471680,6508544,23388160
6475776,6512640,19402752
6479872,6516736,20336640
6483968,6520832,25739264
6488064,6524928,12226560
6492160,6529024,14069760
6496256,6533120,10125312
6500352,6537216,9551872
6504448,6541312,20979712
6508544,6545408,14643200
6512640,6549504,15679488
6516736,6553600,20303872
6520832,6557696,12292096
6524928,6561792,14598144
6529024,6565888,10338304
6533120,6569984,22581248
6537216,6574080,18685952
6541312,6578176,9936896
6545408,6582272,13414400
6549504,6586368,20549632
6553600,6590464,17338368
6557696,6594560,22077440
6561792,6598656,12877824
6565888,6602752,12972032
6569984,6606848,12886016
6574080,6610944,15769600
6578176,6615040,23633920
6582272,6619136,12718080
6586368,6623232,23175168
6590464,6627328,19517440
6594560,6631424,25845760
6598656,6635520,17588224
6602752,6639616,15233024
6606848,6643712,30113792
6610944,6647808,19398656
6615040,6651904,15716352
6619136,6656000,16564224
6623232,6660096,12996608
6627328,6664192,23506944
6631424,6668288,30195712
6635520,6672384,19046400
6639616,6676480,9527296
6643712,6680576,25120768
6647808,6684672,12120064
6651904,6688768,16715776
6656000,6692864,11165696
6660096,6696960,22786048
6664192,6701056,12046336
6668288,6705152,10084352
6672384,6709248,19152896
6676480,6713344,12709888
6680576,6717440,12193792
6684672,6721536,23777280
6688768,6725632,18620416
6692864,6729728,18558976
6696960,6733824,13565952
6701056,6737920,29249536
6705152,6742016,14233600
6709248,6746112,21872640
6713344,6750208,11268096
6717440,6754304,10088448
6721536,6758400,14069760
6725632,6762496,16142336
6729728,6766592,11796480
6733824,6770688,15523840
6737920,6774784,17063936
6742016,6778880,19177472
6746112,6782976,12402688
6750208,6787072,11694080
6754304,6791168,16986112
6758400,6795264,37588992
6762496,6799360,11530240
6766592,6803456,16015360
6770688,6807552,18403328
6774784,6811648,16142336
6778880,6815744,22024192
6782976,6819840,14688256
6787072,6823936,14958592
6791168,6828032,11825152
6795264,6832128,18300928
6799360,6836224,19562496
6803456,6840320,14585856
6807552,6844416,16285696
6811648,6848512,16035840
6815744,6852608,19685376
6819840,6856704,16064512
6823936,6860800,12947456
6828032,6864896,16293888
6832128,6868992,23728128
6836224,6873088,19668992
6840320,6877184,25722880
6844416,6881280,21975040
6848512,6885376,12120064
6852608,6889472,13656064
6856704,6893568,14741504
6860800,6897664,12574720
6864896,6901760,23900160
6868992,6905856,25354240
6873088,6909952,17416192
6877184,6914048,11694080
6881280,6918144,20963328
6885376,6922240,19808256
6889472,6926336,21606400
6893568,6930432,8773632
6897664,6934528,17600512
6901760,6938624,17547264
6905856,6942720,18575360
6909952,6946816,23867392
6914048,6950912,10588160
6918144,6955008,16658432
6922240,6959104,14749696
6926336,6963200,11755520
6930432,6967296,15609856
6934528,6971392,18702336
6938624,6975488,10014720
6942720,6979584,21061632
6946816,6983680,13303808
6950912,6987776,18849792
6955008,6991872,12447744
6959104,6995968,15446016
6963200,7000064,15175680
6967296,7004160,15839232
6971392,7008256,19894272
6975488,7012352,23134208
6979584,7016448,14422016
6983680,7020544,13856768
6987776,7024640,15519744
6991872,7028736,14163968
6995968,7032832,15560704
7000064,7036928,16101376
7004160,7041024,11456512
7008256,7045120,11526144
7012352,7049216,23814144
7016448,7053312,13176832
7020544,7057408,15138816
7024640,7061504,13336576
7028736,7065600,18911232
7032832,7069696,11448320
7036928,7073792,19140608
7041024,7077888,14237696
7045120,7081984,14110720
7049216,7086080,15872000
7053312,7090176,16445440
7057408,7094272,13524992
7061504,7098368,28463104
7065600,7102464,10641408
7069696,7106560,22138880
7073792,7110656,9879552
7077888,7114752,21176320
7081984,7118848,14217216
7086080,7122944,10620928
7090176,7127040,9650176
7094272,7131136,12857344
7098368,7135232,15441920
7102464,7139328,12718080
7106560,7143424,22118400
7110656,7147520,24076288
7114752,7151616,12546048
7118848,7155712,25939968
7122944,7159808,17190912
7127040,7163904,27099136
7131136,7168000,12066816
7135232,7172096,18423808
7139328,7176192,14741504
7143424,7180288,12095488
7147520,7184384,23658496
7151616,7188480,14098432
7155712,7192576,22310912
7159808,7196672,21970944
7163904,7200768,9994240
7168000,7204864,26165248
7172096,7208960,16814080
7176192,7213056,13918208
7180288,7217152,15372288
7184384,7221248,17416192
7188480,7225344,20787200
7192576,7229440,11649024
7196672,7233536,22482944
7200768,7237632,21573632
7204864,7241728,13705216
7208960,7245824,12374016
7213056,7249920,11055104
7217152,7254016,10072064
7221248,7258112,21372928
7225344,7262208,20545536
7229440,7266304,33423360
7233536,7270400,14942208
7237632,7274496,10694656
7241728,7278592,13447168
7245824,7282688,18948096
7249920,7286784,24068096
7254016,7290880,17186816
7258112,7294976,13193216
7262208,7299072,14901248
7266304,7303168,13275136
7270400,7307264,24178688
7274496,7311360,16048128
7278592,7315456,10534912
7282688,7319552,12648448
7286784,7323648,23355392
7290880,7327744,19312640
7294976,7331840,15478784
7299072,7335936,18292736
7303168,7340032,12234752
7307264,7344128,11554816
7311360,7348224,12042240
7315456,7352320,18751488
7319552,7356416,11943936
7323648,7360512,15372288
7327744,7364608,24481792
7331840,7368704,13447168
7335936,7372800,18415616
7340032,7376896,21401600
7344128,7380992,13103104
7348224,7385088,21741568
7352320,7389184,15134720
7356416,7393280,13090816
7360512,7397376,11223040
7364608,7401472,15785984
7368704,7405568,15605760
7372800,7409664,24350720
7376896,7413760,11792384
7380992,7417856,19468288
7385088,7421952,30179328
7389184,7426048,24760320
7393280,7430144,17686528
7397376,7434240,16216064
7401472,7438336,19165184
7405568,7442432,21704704
7409664,7446528,27402240
7413760,7450624,19615744
7417856,7454720,16986112
7421952,7458816,15441920
7426048,7462912,16777216
7430144,7467008,16175104
7434240,7471104,19345408
7438336,7475200,21655552
7442432,7479296,15011840
7446528,7483392,24092672
7450624,7487488,16658432
7454720,7491584,11010048
7458816,7495680,18845696
7462912,7499776,13996032
7467008,7503872,10665984
7471104,7507968,29872128
7475200,7512064,14340096
7479296,7516160,27525120
7483392,7520256,17604608
7487488,7524352,25812992
7491584,7528448,24829952
7495680,7532544,17707008
7499776,7536640,14766080
7503872,7540736,20684800
7507968,7544832,25604096
7512064,7548928,18771968
7516160,7553024,24317952
7520256,7557120,13570048
7524352,7561216,23994368
7528448,7565312,23363584
7532544,7569408,20905984
7536640,7573504,18014208
7540736,7577600,17899520
7544832,7581696,13832192
7548928,7585792,12226560
7553024,7589888,15732736
7557120,7593984,15560704
7561216,7598080,18812928
7565312,7602176,13332480
7569408,7606272,14082048
7573504,7610368,12025856
7577600,7614464,16683008
7581696,7618560,17362944
7585792,7622656,15736832
7589888,7626752,15790080
7593984,7630848,32014336
7598080,7634944,14299136
7602176,7639040,17186816
7606272,7643136,16969728
7610368,7647232,22650880
7614464,7651328,12193792
7618560,7655424,23920640
7622656,7659520,15847424
7626752,7663616,18595840
7630848,7667712,16224256
7634944,7671808,17448960
7639040,7675904,20742144
7643136,7680000,25518080
7647232,7684096,23056384
7651328,7688192,14249984
7655424,7692288,17580032
7659520,7696384,18161664
7663616,7700480,23822336
7667712,7704576,14196736
7671808,7708672,15175680
7675904,7712768,39391232
7680000,7716864,25530368
7684096,7720960,12906496
7688192,7725056,11563008
7692288,7729152,28303360
7696384,7733248,16437248
7700480,7737344,15634432
7704576,7741440,24854528
7708672,7745536,11800576
7712768,7749632,14012416
7716864,7753728,14774272
7720960,7757824,13533184
7725056,7761920,30429184
7729152,7766016,18771968
7733248,7770112,28549120
7737344,7774208,14577664
7741440,7778304,21209088
7745536,7782400,16728064
7749632,7786496,19427328
7753728,7790592,26574848
7757824,7794688,21143552
7761920,7798784,14385152
7766016,7802880,13651968
7770112,7806976,15769600
7774208,7811072,18374656
7778304,7815168,20131840
7782400,7819264,13283328
7786496,7823360,27676672
7790592,7827456,14815232
7794688,7831552,16670720
7798784,7835648,13791232
7802880,7839744,12324864
7806976,7843840,25104384
7811072,7847936,32485376
7815168,7852032,15863808
7819264,7856128,15011840
7823360,7860224,17838080
7827456,7864320,14680064
7831552,7868416,12865536
7835648,7872512,14098432
7839744,7876608,17494016
7843840,7880704,18636800
7847936,7884800,13807616
7852032,7888896,24907776
7856128,7892992,15257600
7860224,7897088,16371712
7864320,7901184,21467136
7868416,7905280,17235968
7872512,7909376,12947456
7876608,7913472,15163392
7880704,7917568,19746816
7884800,7921664,20602880
7888896,7925760,14864384
7892992,7929856,27480064
7897088,7933952,21102592
7901184,7938048,22147072
7905280,7942144,13029376
7909376,7946240,13328384
7913472,7950336,34250752
7917568,7954432,12496896
7921664,7958528,17641472
7925760,7962624,21884928
7929856,7966720,19476480
7933952,7970816,16068608
7938048,7974912,12926976
7942144,7979008,17461248
7946240,7983104,13701120
7950336,7987200,16093184
7954432,7991296,20742144
7958528,7995392,14991360
7962624,7999488,16273408
7966720,8003584,13426688
7970816,8007680,15675392
7974912,8011776,31236096
7979008,8015872,15605760
7983104,8019968,24334336
7987200,8024064,16347136
7991296,8028160,19181568
7995392,8032256,11800576
7999488,8036352,12599296
8003584,8040448,15376384
8007680,8044544,24928256
8011776,8048640,32624640
8015872,8052736,20889600
8019968,8056832,21889024
8024064,8060928,19132416
8028160,8065024,19742720
8032256,8069120,12017664
8036352,8073216,20619264
8040448,8077312,18644992
8044544,8081408,22904832
8048640,8085504,21487616
8052736,8089600,17424384
8056832,8093696,14397440
8060928,8097792,23658496
8065024,8101888,16457728
8069120,8105984,20553728
8073216,8110080,29421568
8077312,8114176,14721024
8081408,8118272,20422656
8085504,8122368,26406912
8089600,8126464,18571264
8093696,8130560,20054016
8097792,8134656,12120064
8101888,8138752,11849728
8105984,8142848,34652160
8110080,8146944,26165248
8114176,8151040,13639680
8118272,8155136,15527936
8122368,8159232,15118336
8126464,8163328,13860864
8130560,8167424,14073856
8134656,8171520,13164544
8138752,8175616,17301504
8142848,8179712,16584704
8146944,8183808,21184512
8151040,8187904,17850368
8155136,8192000,17678336
8159232,8196096,11804672
8163328,8200192,17530880
8167424,8204288,21098496
8171520,8208384,21360640
8175616,8212480,12103680
8179712,8216576,17567744
8183808,8220672,20594688
8187904,8224768,11931648
8192000,8228864,19935232
8196096,8232960,17649664
8200192,8237056,21958656
8204288,8241152,11784192
8208384,8245248,19308544
8212480,8249344,15384576
8216576,8253440,17870848
8220672,8257536,19677184
8224768,8261632,20123648
8228864,8265728,19689472
8232960,8269824,19615744
8237056,8273920,26075136
8241152,8278016,12636160
8245248,8282112,15331328
8249344,8286208,25608192
8253440,8290304,23527424
8257536,8294400,21688320
8261632,8298496,30228480
8265728,8302592,16719872
8269824,8306688,29179904
8273920,8310784,14876672
8278016,8314880,17719296
8282112,8318976,15040512
8286208,8323072,24379392
8290304,8327168,19161088
8294400,8331264,18108416
8298496,8335360,18608128
8302592,8339456,13164544
8306688,8343552,15925248
8310784,8347648,40747008
8314880,8351744,12582912
8318976,8355840,32538624
8323072,8359936,20721664
8327168,8364032,19320832
8331264,8368128,13058048
8335360,8372224,19484672
8339456,8376320,22528000
8343552,8380416,17649664
8347648,8384512,18984960
8351744,8388608,14155776
8355840,8392704,27795456
8359936,8396800,13832192
8364032,8400896,18649088
8368128,8404992,14364672
8372224,8409088,11726848
8376320,8413184,23322624
8380416,8417280,18993152
8384512,8421376,16916480
8388608,8425472,17428480
8392704,8429568,15806464
8396800,8433664,16764928
8400896,8437760,18010112
8404992,8441856,17674240
8409088,8445952,15646720
8413184,8450048,17248256
8417280,8454144,19918848
8421376,8458240,23179264
8425472,8462336,23740416
8429568,8466432,18489344
8433664,8470528,19890176
8437760,8474624,12025856
8441856,8478720,22446080
8445952,8482816,17125376
8450048,8486912,16138240
8454144,8491008,11866112
8458240,8495104,19660800
8462336,8499200,13434880
8466432,8503296,21233664
8470528,8507392,18632704
8474624,8511488,41426944
8478720,8515584,17141760
8482816,8519680,19230720
8486912,8523776,12812288
8491008,8527872,16379904
8495104,8531968,11853824
8499200,8536064,17281024
8503296,8540160,26800128
8507392,8544256,15773696
8511488,8548352,23232512
8515584,8552448,30089216
8519680,8556544,16072704
8523776,8560640,23277568
8527872,8564736,15147008
8531968,8568832,23769088
8536064,8572928,20234240
8540160,8577024,20688896
8544256,8581120,25382912
8548352,8585216,17723392
8552448,8589312,23236608
8556544,8593408,20684800
8560640,8597504,19238912
8564736,8601600,18612224
8568832,8605696,20750336
8572928,8609792,16252928
8577024,8613888,20815872
8581120,8617984,11419648
8585216,8622080,18509824
8589312,8626176,20516864
8593408,8630272,28364800
8597504,8634368,20127744
8601600,8638464,21532672
8605696,8642560,20709376
8609792,8646656,18477056
8613888,8650752,14942208
8617984,8654848,15646720
8622080,8658944,15847424
8626176,8663040,23961600
8630272,8667136,21266432
8634368,8671232,19496960
8638464,8675328,19275776
8642560,8679424,25698304
8646656,8683520,21733376
8650752,8687616,30760960
8654848,8691712,20905984
8658944,8695808,13586432
8663040,8699904,21741568
8667136,8704000,22786048
8671232,8708096,20054016
8675328,8712192,15749120
8679424,8716288,16834560
8683520,8720384,14327808
8687616,8724480,15630336
8691712,8728576,13701120
8695808,8732672,23560192
8699904,8736768,20320256
8704000,8740864,18767872
8708096,8744960,17911808
8712192,8749056,26255360
8716288,8753152,22888448
8720384,8757248,17281024
8724480,8761344,35721216
8728576,8765440,21262336
8732672,8769536,14692352
8736768,8773632,14110720
8740864,8777728,14757888
8744960,8781824,17788928
8749056,8785920,30466048
8753152,8790016,17977344
8757248,8794112,15360000
8761344,8798208,13389824
8765440,8802304,15015936
8769536,8806400,12001280
8773632,8810496,14917632
8777728,8814592,28663808
8781824,8818688,18980864
8785920,8822784,17375232
8790016,8826880,17432576
8794112,8830976,13213696
8798208,8835072,22896640
8802304,8839168,33955840
8806400,8843264,20828160
8810496,8847360,17965056
8814592,8851456,19230720
8818688,8855552,13520896
8822784,8859648,21037056
8826880,8863744,14852096
8830976,8867840,12746752
8835072,8871936,26132480
8839168,8876032,14635008
8843264,8880128,36663296
8847360,8884224,17371136
8851456,8888320,18329600
8855552,8892416,15368192
8859648,8896512,14196736
8863744,8900608,19431424
8867840,8904704,14925824
8871936,8908800,15020032
8876032,8912896,19492864
8880128,8916992,15642624
8884224,8921088,20733952
8888320,8925184,14065664
8892416,8929280,14589952
8896512,8933376,12558336
8900608,8937472,15114240
8904704,8941568,16257024
8908800,8945664,22507520
8912896,8949760,16080896
8916992,8953856,28151808
8921088,8957952,28438528
8925184,8962048,11792384
8929280,8966144,14647296
8933376,8970240,13946880
8937472,8974336,21032960
8941568,8978432,20750336
8945664,8982528,21594112
8949760,8986624,22712320
8953856,8990720,23093248
8957952,8994816,25272320
8962048,8998912,18857984
8966144,9003008,14868480
8970240,9007104,15085568
8974336,9011200,20631552
8978432,9015296,18354176
8982528,9019392,17354752
8986624,9023488,15032320
8990720,9027584,19406848
8994816,9031680,23969792
8998912,9035776,15069184
9003008,9039872,12886016
9007104,9043968,16232448
9011200,9048064,21983232
9015296,9052160,21618688
9019392,9056256,11829248
9023488,9060352,21389312
9027584,9064448,15351808
9031680,9068544,20430848
9035776,9072640,28635136
9039872,9076736,13574144
9043968,9080832,14249984
9048064,9084928,17670144
9052160,9089024,17481728
9056256,9093120,13676544
9060352,9097216,15659008
9064448,9101312,25837568
9068544,9105408,17387520
9072640,9109504,14979072
9076736,9113600,24899584
9080832,9117696,19910656
9084928,9121792,22888448
9089024,9125888,26402816
9093120,9129984,28041216
9097216,9134080,27918336
9101312,9138176,23515136
9105408,9142272,23490560
9109504,9146368,34209792
9113600,9150464,21147648
9117696,9154560,19775488
9121792,9158656,18591744
9125888,9162752,12296192
9129984,9166848,21127168
9134080,9170944,13324288
9138176,9175040,24805376
9142272,9179136,16379904
9146368,9183232,18788352
9150464,9187328,16670720
9154560,9191424,25665536
9158656,9195520,15310848
9162752,9199616,24719360
9166848,9203712,18186240
9170944,9207808,24379392
9175040,9211904,27430912
9179136,9216000,23662592
9183232,9220096,17768448
9187328,9224192,18759680
9191424,9228288,13389824
9195520,9232384,27820032
9199616,9236480,24600576
9203712,9240576,14868480
9207808,9244672,23887872
9211904,9248768,29323264
9216000,9252864,16990208
9220096,9256960,15843328
9224192,9261056,17977344
9228288,9265152,14446592
9232384,9269248,16039936
9236480,9273344,12316672
9240576,9277440,21622784
9244672,9281536,18198528
9248768,9285632,33030144
9252864,9289728,18862080
9256960,9293824,15306752
9261056,9297920,15241216
9265152,9302016,22568960
9269248,9306112,14426112
9273344,9310208,17649664
9277440,9314304,22401024
9281536,9318400,12435456
9285632,9322496,16048128
9289728,9326592,16924672
9293824,9330688,28057600
9297920,9334784,18259968
9302016,9338880,22671360
9306112,9342976,24014848
9310208,9347072,21897216
9314304,9351168,24715264
9318400,9355264,18665472
9322496,9359360,22949888
9326592,9363456,15904768
9330688,9367552,21463040
9334784,9371648,22163456
9338880,9375744,15745024
9342976,9379840,20303872
9347072,9383936,16728064
9351168,9388032,27529216
9355264,9392128,23764992
9359360,9396224,17768448
9363456,9400320,14413824
9367552,9404416,24920064
9371648,9408512,24461312
9375744,9412608,16982016
9379840,9416704,26148864
9383936,9420800,16166912
9388032,9424896,17248256
9392128,9428992,14282752
9396224,9433088,22605824
9400320,9437184,20652032
9404416,9441280,19017728
9408512,9445376,27525120
9412608,9449472,21716992
9416704,9453568,14290944
9420800,9457664,20492288
9424896,9461760,28811264
9428992,9465856,19406848
9433088,9469952,18354176
9437184,9474048,22274048
9441280,9478144,16969728
9445376,9482240,14249984
9449472,9486336,14413824
9453568,9490432,20787200
9457664,9494528,19275776
9461760,9498624,13029376
9465856,9502720,21340160
9469952,9506816,22679552
9474048,9510912,16203776
9478144,9515008,35090432
9482240,9519104,23744512
9486336,9523200,14700544
9490432,9527296,24322048
9494528,9531392,25300992
9498624,9535488,12414976
9502720,9539584,29839360
9506816,9543680,19116032
9510912,9547776,23019520
9515008,9551872,20885504
9519104,9555968,21995520
9523200,9560064,13234176
9527296,9564160,19570688
9531392,9568256,22634496
9535488,9572352,23707648
9539584,9576448,25964544
9543680,9580544,17301504
9547776,9584640,24514560
9551872,9588736,14745600
9555968,9592832,13156352
9560064,9596928,22216704
9564160,9601024,13012992
9568256,9605120,17248256
9572352,9609216,21893120
9576448,9613312,16887808
9580544,9617408,17915904
9584640,9621504,25202688
9588736,9625600,15835136
9592832,9629696,26025984
9596928,9633792,20656128
9601024,9637888,25657344
9605120,9641984,17846272
9609216,9646080,15175680
9613312,9650176,14745600
9617408,9654272,22220800
9621504,9658368,21516288
9625600,9662464,14127104
9629696,9666560,17707008
9633792,9670656,18669568
9637888,9674752,11816960
9641984,9678848,20951040
9646080,9682944,13414400
9650176,9687040,28323840
9654272,9691136,16564224
9658368,9695232,28545024
9662464,9699328,17219584
9666560,9703424,13148160
9670656,9707520,11870208
9674752,9711616,30437376
9678848,9715712,12185600
9682944,9719808,14811136
9687040,9723904,14635008
9691136,9728000,20647936
9695232,9732096,25522176
9699328,9736192,18530304
9703424,9740288,17924096
9707520,9744384,21270528
9711616,9748480,19980288
9715712,9752576,21716992
9719808,9756672,17719296
9723904,9760768,26800128
9728000,9764864,18411520
9732096,9768960,24526848
9736192,9773056,24899584
9740288,9777152,12943360
9744384,9781248,22798336
9748480,9785344,19947520
9752576,9789440,26062848
9756672,9793536,23609344
9760768,9797632,22495232
9764864,9801728,19140608
9768960,9805824,18317312
9773056,9809920,14155776
9777152,9814016,21352448
9781248,9818112,14606336
9785344,9822208,27525120
9789440,9826304,15147008
9793536,9830400,22204416
9797632,9834496,17027072
9801728,9838592,15138816
9805824,9842688,14356480
9809920,9846784,20058112
9814016,9850880,27168768
9818112,9854976,17063936
9822208,9859072,21360640
9826304,9863168,16113664
9830400,9867264,17756160
9834496,9871360,16572416
9838592,9875456,17035264
9842688,9879552,19185664
9846784,9883648,23265280
9850880,9887744,20303872
9854976,9891840,16490496
9859072,9895936,17018880
9863168,9900032,14852096
9867264,9904128,17223680
9871360,9908224,18849792
9875456,9912320,13955072
9879552,9916416,21901312
9883648,9920512,29642752
9887744,9924608,18001920
9891840,9928704,18186240
9895936,9932800,16498688
9900032,9936896,13561856
9904128,9940992,24858624
9908224,9945088,16162816
9912320,9949184,14733312
9916416,9953280,23732224
9920512,9957376,22724608
9924608,9961472,19214336
9928704,9965568,18415616
9932800,9969664,19443712
9936896,9973760,21901312
9940992,9977856,15716352
9945088,9981952,17285120
9949184,9986048,17285120
9953280,9990144,21913600
9957376,9994240,16412672
9961472,9998336,18526208
9965568,10002432,21196800
9969664,10006528,22028288
9973760,10010624,20447232
9977856,10014720,19972096
9981952,10018816,27168768
9986048,10022912,22999040
9990144,10027008,20008960
9994240,10031104,15724544
9998336,10035200,15024128
10002432,10039296,18305024
10006528,10043392,16965632
10010624,10047488,26599424
10014720,10051584,15106048
10018816,10055680,17502208
10022912,10059776,14610432
10027008,10063872,20971520
10031104,10067968,22528000
10035200,10072064,19755008
10039296,10076160,26120192
10043392,10080256,19247104
10047488,10084352,25964544
10051584,10088448,24416256
10055680,10092544,12800000
10059776,10096640,25153536
10063872,10100736,20230144
10067968,10104832,32161792
10072064,10108928,28540928
10076160,10113024,25088000
10080256,10117120,19316736
10084352,10121216,22417408
10088448,10125312,17117184
10092544,10129408,14364672
10096640,10133504,24682496
10100736,10137600,16187392
10104832,10141696,26554368
10108928,10145792,18313216
10113024,10149888,17473536
10117120,10153984,18866176
10121216,10158080,14848000
10125312,10162176,25931776
10129408,10166272,16998400
10133504,10170368,25600000
10137600,10174464,23470080
10141696,10178560,25014272
10145792,10182656,16748544
10149888,10186752,18432000
10153984,10190848,18489344
10158080,10194944,27258880
10162176,10199040,16605184
10166272,10203136,15843328
10170368,10207232,18067456
10174464,10211328,21340160
10178560,10215424,16183296
10182656,10219520,22294528
10186752,10223616,22855680
10190848,10227712,22315008
10194944,10231808,27447296
10199040,10235904,21385216
10203136,10240000,17866752
10207232,10244096,24166400
10211328,10248192,20557824
10215424,10252288,19337216
10219520,10256384,19341312
10223616,10260480,14565376
10227712,10264576,23040000
10231808,10268672,19079168
10235904,10272768,19357696
10240000,10276864,15478784
10244096,10280960,19066880
10248192,10285056,14860288
10252288,10289152,25448448
10256384,10293248,16547840
10260480,10297344,15048704
10264576,10301440,24629248
10268672,10305536,18382848
10272768,10309632,19525632
10276864,10313728,14573568
10280960,10317824,16695296
10285056,10321920,18538496
10289152,10326016,13692928
10293248,10330112,16547840
10297344,10334208,21254144
10301440,10338304,20680704
10305536,10342400,25468928
10309632,10346496,20684800
10313728,10350592,19726336
10317824,10354688,21835776
10321920,10358784,25477120
10326016,10362880,24723456
10330112,10366976,21381120
10334208,10371072,27009024
10338304,10375168,14200832
10342400,10379264,16113664
10346496,10383360,19308544
10350592,10387456,21078016
10354688,10391552,21819392
10358784,10395648,17534976
10362880,10399744,18862080
10366976,10403840,17494016
10371072,10407936,21291008
10375168,10412032,19644416
10379264,10416128,17260544
10383360,10420224,20717568
10387456,10424320,19689472
10391552,10428416,18006016
10395648,10432512,25825280
10399744,10436608,17907712
10403840,10440704,15818752
10407936,10444800,14471168
10412032,10448896,17813504
10416128,10452992,20307968
10420224,10457088,18841600
10424320,10461184,20885504
10428416,10465280,25432064
10432512,10469376,14209024
10436608,10473472,31031296
10440704,10477568,28487680
10444800,10481664,24317952
10448896,10485760,21479424
10452992,10489856,19230720
10457088,10493952,15114240
10461184,10498048,23236608
10465280,10502144,20135936
10469376,10506240,19824640
10473472,10510336,28962816
10477568,10514432,18452480
10481664,10518528,21164032
10485760,10522624,25116672
10489856,10526720,23965696
10493952,10530816,28135424
10498048,10534912,21643264
10502144,10539008,27328512
10506240,10543104,21716992
10510336,10547200,16375808
10514432,10551296,35241984
10518528,10555392,29392896
10522624,10559488,24379392
10526720,10563584,28278784
10530816,10567680,23764992
10534912,10571776,19116032
10539008,10575872,24346624
10543104,10579968,25432064
10547200,10584064,15187968
10551296,10588160,30339072
10555392,10592256,16850944
10559488,10596352,25182208
10563584,10600448,14987264
10567680,10604544,18620416
10571776,10608640,21073920
10575872,10612736,12541952
10579968,10616832,16502784
10584064,10620928,25387008
10588160,10625024,20426752
10592256,10629120,25985024
10596352,10633216,15917056
10600448,10637312,16650240
10604544,10641408,16023552
10608640,10645504,16613376
10612736,10649600,17944576
10616832,10653696,20762624
10620928,10657792,17498112
10625024,10661888,19312640
10629120,10665984,16281600
10633216,10670080,28078080
10637312,10674176,14032896
10641408,10678272,17338368
10645504,10682368,21463040
10649600,10686464,17915904
10653696,10690560,13881344
10657792,10694656,18788352
10661888,10698752,20353024
10665984,10702848,21995520
10670080,10706944,28086272
10674176,10711040,17104896
10678272,10715136,17207296
10682368,10719232,14073856
10686464,10723328,19755008
10690560,10727424,20291584
10694656,10731520,20180992
10698752,10735616,14839808
10702848,10739712,21913600
10706944,10743808,18960384
10711040,10747904,24039424
10715136,10752000,16285696
10719232,10756096,21635072
10723328,10760192,15536128
10727424,10764288,16650240
10731520,10768384,17707008
10735616,10772480,24903680
10739712,10776576,20168704
10743808,10780672,17788928
10747904,10784768,32190464
10752000,10788864,24535040
10756096,10792960,24154112
10760192,10797056,31776768
10764288,10801152,16130048
10768384,10805248,19746816
10772480,10809344,17498112
10776576,10813440,19218432
10780672,10817536,20766720
10784768,10821632,29556736
10788864,10825728,19955712
10792960,10829824,24023040
10797056,10833920,17494016
10801152,10838016,21213184
10805248,10842112,22016000
10809344,10846208,28581888
10813440,10850304,16859136
10817536,10854400,14647296
10821632,10858496,20733952
10825728,10862592,17072128
10829824,10866688,28237824
10833920,10870784,15667200
10838016,10874880,22908928
10842112,10878976,17240064
10846208,10883072,18116608
10850304,10887168,18575360
10854400,10891264,17481728
10858496,10895360,17448960
10862592,10899456,18804736
10866688,10903552,18493440
10870784,10907648,23052288
10874880,10911744,23134208
10878976,10915840,19730432
10883072,10919936,25911296
10887168,10924032,20385792
10891264,10928128,21536768
10895360,10932224,18124800
10899456,10936320,15208448
10903552,10940416,20934656
10907648,10944512,17190912
10911744,10948608,16965632
10915840,10952704,15032320
10919936,10956800,17698816
10924032,10960896,22122496
10928128,10964992,18059264
10932224,10969088,24403968
10936320,10973184,16916480
10940416,10977280,19181568
10944512,10981376,19238912
10948608,10985472,29270016
10952704,10989568,15663104
10956800,10993664,30605312
10960896,10997760,23941120
10964992,11001856,23531520
10969088,11005952,15220736
10973184,11010048,20660224
10977280,11014144,24465408
10981376,11018240,20615168
10985472,11022336,21585920
10989568,11026432,19390464
10993664,11030528,17338368
10997760,11034624,22446080
11001856,11038720,16019456
11005952,11042816,25448448
11010048,11046912,19046400
11014144,11051008,24625152
11018240,11055104,15421440
11022336,11059200,25374720
11026432,11063296,17801216
11030528,11067392,19517440
11034624,11071488,20996096
11038720,11075584,23756800
11042816,11079680,18759680
11046912,11083776,15343616
11051008,11087872,22028288
11055104,11091968,17170432
11059200,11096064,17207296
11063296,11100160,29155328
11067392,11104256,20553728
11071488,11108352,17125376
11075584,11112448,29192192
11079680,11116544,24072192
11083776,11120640,20938752
11087872,11124736,20004864
11091968,11128832,23666688
11096064,11132928,36749312
11100160,11137024,18567168
11104256,11141120,23289856
11108352,11145216,18628608
11112448,11149312,16445440
11116544,11153408,16461824
11120640,11157504,16060416
11124736,11161600,20606976
11128832,11165696,17756160
11132928,11169792,18853888
11137024,11173888,20262912
11141120,11177984,19767296
11145216,11182080,16695296
11149312,11186176,36290560
11153408,11190272,39604224
11157504,11194368,32804864
11161600,11198464,22437888
11165696,11202560,15007744
11169792,11206656,31006720
11173888,11210752,16384000
11177984,11214848,29495296
11182080,11218944,20877312
11186176,11223040,23457792
11190272,11227136,19038208
11194368,11231232,20361216
11198464,11235328,25849856
11202560,11239424,22044672
11206656,11243520,18755584
11210752,11247616,25927680
11214848,11251712,21409792
11218944,11255808,21061632
11223040,11259904,19066880
11227136,11264000,19562496
11231232,11268096,18190336
11235328,11272192,25075712
11239424,11276288,18874368
11243520,11280384,19873792
11247616,11284480,15691776
11251712,11288576,17354752
11255808,11292672,17629184
11259904,11296768,29134848
11264000,11300864,17719296
11268096,11304960,23957504
11272192,11309056,33230848
11276288,11313152,16052224
11280384,11317248,23617536
11284480,11321344,16564224
11288576,11325440,18550784
11292672,11329536,23355392
11296768,11333632,20226048
11300864,11337728,24932352
11304960,11341824,22429696
11309056,11345920,26652672
11313152,11350016,21954560
11317248,11354112,30793728
11321344,11358208,19279872
11325440,11362304,22339584
11329536,11366400,21274624
11333632,11370496,21590016
11337728,11374592,18345984
11341824,11378688,19558400
11345920,11382784,17088512
11350016,11386880,20500480
11354112,11390976,29470720
11358208,11395072,21045248
11362304,11399168,18137088
11366400,11403264,17858560
11370496,11407360,20660224
11374592,11411456,31813632
11378688,11415552,22208512
11382784,11419648,17543168
11386880,11423744,15618048
11390976,11427840,27672576
11395072,11431936,15740928
11399168,11436032,17055744
11403264,11440128,24399872
11407360,11444224,16285696
11411456,11448320,16125952
11415552,11452416,30162944
11419648,11456512,18321408
11423744,11460608,16449536
11427840,11464704,21266432
11431936,11468800,27602944
11436032,11472896,25608192
11440128,11476992,28499968
11444224,11481088,19042304
11448320,11485184,24211456
11452416,11489280,16375808
11456512,11493376,23101440
11460608,11497472,23867392
11464704,11501568,22994944
11468800,11505664,17514496
11472896,11509760,15306752
11476992,11513856,26845184
11481088,11517952,19374080
11485184,11522048,16371712
11489280,11526144,35254272
11493376,11530240,21315584
11497472,11534336,21934080
11501568,11538432,23072768
11505664,11542528,21856256
11509760,11546624,17444864
11513856,11550720,17055744
11517952,11554816,28839936
11522048,11558912,22585344
11526144,11563008,18640896
11530240,11567104,27729920
11534336,11571200,21213184
11538432,11575296,16637952
11542528,11579392,34144256
11546624,11583488,21639168
11550720,11587584,25264128
11554816,11591680,25628672
11558912,11595776,18673664
11563008,11599872,26910720
11567104,11603968,21594112
11571200,11608064,22425600
11575296,11612160,28520448
11579392,11616256,19791872
11583488,11620352,45932544
11587584,11624448,14831616
11591680,11628544,16781312
11595776,11632640,20156416
11599872,11636736,28872704
11603968,11640832,15577088
11608064,11644928,30547968
11612160,11649024,21561344
11616256,11653120,26361856
11620352,11657216,21635072
11624448,11661312,21495808
11628544,11665408,20537344
11632640,11669504,16494592
11636736,11673600,22347776
11640832,11677696,28721152
11644928,11681792,27910144
11649024,11685888,27672576
11653120,11689984,18337792
11657216,11694080,14630912
11661312,11698176,21659648
11665408,11702272,19042304
11669504,11706368,36347904
11673600,11710464,23281664
11677696,11714560,22319104
11681792,11718656,22233088
11685888,11722752,20684800
11689984,11726848,22478848
11694080,11730944,26791936
11698176,11735040,17399808
11702272,11739136,30404608
11706368,11743232,16142336
11710464,11747328,16449536
11714560,11751424,17879040
11718656,11755520,29626368
11722752,11759616,20828160
11726848,11763712,27222016
11730944,11767808,17620992
11735040,11771904,29495296
11739136,11776000,19435520
11743232,11780096,14684160
11747328,11784192,17530880
11751424,11788288,22953984
11755520,11792384,23261184
11759616,11796480,20627456
11763712,11800576,27045888
11767808,11804672,19816448
11771904,11808768,22396928
11776000,11812864,25067520
11780096,11816960,22290432
11784192,11821056,17879040
11788288,11825152,28319744
11792384,11829248,21708800
11796480,11833344,32153600
11800576,11837440,28184576
11804672,11841536,26320896
11808768,11845632,20631552
11812864,11849728,22421504
11816960,11853824,32870400
11821056,11857920,17965056
11825152,11862016,20660224
11829248,11866112,19206144
11833344,11870208,16523264
11837440,11874304,31186944
11841536,11878400,24125440
11845632,11882496,23994368
11849728,11886592,22761472
11853824,11890688,24850432
11857920,11894784,18792448
11862016,11898880,21262336
11866112,11902976,24522752
11870208,11907072,16265216
11874304,11911168,22499328
11878400,11915264,18104320
11882496,11919360,33038336
11886592,11923456,25894912
11890688,11927552,32067584
11894784,11931648,19447808
11898880,11935744,16572416
11902976,11939840,22491136
11907072,11943936,23400448
11911168,11948032,18489344
11915264,11952128,17047552
11919360,11956224,23908352
11923456,11960320,20570112
11927552,11964416,38416384
11931648,11968512,30699520
11935744,11972608,17973248
11939840,11976704,25083904
11943936,11980800,21221376
11948032,11984896,21041152
11952128,11988992,26578944
11956224,11993088,20008960
11960320,11997184,18591744
11964416,12001280,18223104
11968512,12005376,25919488
11972608,12009472,31817728
11976704,12013568,38113280
11980800,12017664,17580032
11984896,12021760,22597632
11988992,12025856,16998400
11993088,12029952,23023616
11997184,12034048,31199232
12001280,12038144,22310912
12005376,12042240,16470016
12009472,12046336,16957440
12013568,12050432,24055808
12017664,12054528,25387008
12021760,12058624,27181056
12025856,12062720,22179840
12029952,12066816,25055232
12034048,12070912,22114304
12038144,12075008,18182144
12042240,12079104,16879616
12046336,12083200,19394560
12050432,12087296,19107840
12054528,12091392,24023040
12058624,12095488,15372288
12062720,12099584,35012608
12066816,12103680,32944128
12070912,12107776,21426176
12075008,12111872,20779008
12079104,12115968,24031232
12083200,12120064,20824064
12087296,12124160,28635136
12091392,12128256,19595264
12095488,12132352,29315072
12099584,12136448,14753792
12103680,12140544,17829888
12107776,12144640,23482368
12111872,12148736,16175104
12115968,12152832,20951040
12120064,12156928,19906560
12124160,12161024,26894336
12128256,12165120,22515712
12132352,12169216,17002496
12136448,12173312,30093312
12140544,12177408,18391040
12144640,12181504,22880256
12148736,12185600,18296832
12152832,12189696,30511104
12156928,12193792,23805952
12161024,12197888,16601088
12165120,12201984,24887296
12169216,12206080,24207360
12173312,12210176,15773696
12177408,12214272,28512256
12181504,12218368,22884352
12185600,12222464,16498688
12189696,12226560,18309120
12193792,12230656,24346624
12197888,12234752,21311488
12201984,12238848,19443712
12206080,12242944,20107264
12210176,12247040,20729856
12214272,12251136,17014784
12218368,12255232,27074560
12222464,12259328,24096768
12226560,12263424,20475904
12230656,12267520,22683648
12234752,12271616,22753280
12238848,12275712,20082688
12242944,12279808,22077440
12247040,12283904,26476544
12251136,12288000,20619264
12255232,12292096,22646784
12259328,12296192,16367616
12263424,12300288,22941696
12267520,12304384,16781312
12271616,12308480,22204416
12275712,12312576,18759680
12279808,12316672,18223104
12283904,12320768,19853312
12288000,12324864,22401024
12292096,12328960,25227264
12296192,12333056,34353152
12300288,12337152,17588224
12304384,12341248,27619328
12308480,12345344,18468864
12312576,12349440,18210816
12316672,12353536,26382336
12320768,12357632,25128960
12324864,12361728,27009024
12328960,12365824,24502272
12333056,12369920,17346560
12337152,12374016,16855040
12341248,12378112,27160576
12345344,12382208,30179328
12349440,12386304,16404480
12353536,12390400,26796032
12357632,12394496,26124288
12361728,12398592,20267008
12365824,12402688,20418560
12369920,12406784,24985600
12374016,12410880,41885696
12378112,12414976,22130688
12382208,12419072,19660800
12386304,12423168,25804800
12390400,12427264,26726400
12394496,12431360,15982592
12398592,12435456,16470016
12402688,12439552,18935808
12406784,12443648,24518656
12410880,12447744,21749760
12414976,12451840,19243008
12419072,12455936,25247744
12423168,12460032,17563648
12427264,12464128,38555648
12431360,12468224,22683648
12435456,12472320,19234816
12439552,12476416,22499328
12443648,12480512,30945280
12447744,12484608,24711168
12451840,12488704,21495808
12455936,12492800,25767936
12460032,12496896,26505216
12464128,12500992,16138240
12468224,12505088,23412736
12472320,12509184,19181568
12476416,12513280,20062208
12480512,12517376,15949824
12484608,12521472,16392192
12488704,12525568,29446144
12492800,12529664,26775552
12496896,12533760,21741568
12500992,12537856,56320000
12505088,12541952,22777856
12509184,12546048,19156992
12513280,12550144,17313792
12517376,12554240,17711104
12521472,12558336,22437888
12525568,12562432,22097920
12529664,12566528,24256512
12533760,12570624,30674944
12537856,12574720,19677184
12541952,12578816,22831104
12546048,12582912,19922944
12550144,12587008,20307968
12554240,12591104,30744576
12558336,12595200,18460672
12562432,12599296,22171648
12566528,12603392,33239040
12570624,12607488,20058112
12574720,12611584,22900736
12578816,12615680,24735744
12582912,12619776,28729344
12587008,12623872,28053504
12591104,12627968,19247104
12595200,12632064,22765568
12599296,12636160,28094464
12603392,12640256,18657280
12607488,12644352,26759168
12611584,12648448,19517440
12615680,12652544,24948736
12619776,12656640,23842816
12623872,12660736,21471232
12627968,12664832,25997312
12632064,12668928,16490496
12636160,12673024,17063936
12640256,12677120,18173952
12644352,12681216,24285184
12648448,12685312,16506880
12652544,12689408,19472384
12656640,12693504,17338368
12660736,12697600,19300352
12664832,12701696,23859200
12668928,12705792,20836352
12673024,12709888,19038208
12677120,12713984,25522176
12681216,12718080,31862784
12685312,12722176,23871488
12689408,12726272,17330176
12693504,12730368,18100224
12697600,12734464,26427392
12701696,12738560,23613440
12705792,12742656,22962176
12709888,12746752,25051136
12713984,12750848,15978496
12718080,12754944,33472512
12722176,12759040,20971520
12726272,12763136,26202112
12730368,12767232,22454272
12734464,12771328,32628736
12738560,12775424,20369408
12742656,12779520,37244928
12746752,12783616,17801216
12750848,12787712,18583552
12754944,12791808,23052288
12759040,12795904,26312704
12763136,12800000,18821120
12767232,12804096,22700032
12771328,12808192,24944640
12775424,12812288,21504000
12779520,12816384,16941056
12783616,12820480,18653184
12787712,12824576,18780160
12791808,12828672,22167552
12795904,12832768,17313792
12800000,12836864,21995520
12804096,12840960,30711808
12808192,12845056,29818880
12812288,12849152,18669568
12816384,12853248,20893696
12820480,12857344,27181056
12824576,12861440,18857984
12828672,12865536,21659648
12832768,12869632,17125376
12836864,12873728,20615168
12840960,12877824,23875584
12845056,12881920,24068096
12849152,12886016,25018368
12853248,12890112,28454912
12857344,12894208,24043520
12861440,12898304,16134144
12865536,12902400,16003072
12869632,12906496,30412800
12873728,12910592,20922368
12877824,12914688,24838144
12881920,12918784,49561600
12886016,12922880,21241856
12890112,12926976,21925888
12894208,12931072,30298112
12898304,12935168,22196224
